module|xml_name|group_id_15|group_name_15|group_id_19|group_name_19|status
base|group_user|1|Internal User|1|Role / User|EXISTE_19
base|group_erp_manager|2|Access Rights|2|Permisos de acceso|EXISTE_19
base|group_system|3|Settings|4|Rol / Administrador|EXISTE_19
base|group_multi_company|4|Multi Companies|5|Múltiples compañías|EXISTE_19
base|group_no_one|6|Technical Features|7|Características técnicas|EXISTE_19
base|group_allow_export|7|Acceso a la función de exportación|8|Permitido|EXISTE_19
base|group_partner_manager|8|Contact Creation|9|Creación|EXISTE_19
base|group_private_addresses|11|Acceso a direcciones privadas|||NO_EXISTE_19
mail|group_mail_template_editor|12|Mail Template Editor|15|Editor de plantillas de correo|EXISTE_19
sicpro_app_administracion|grupo_app_administracion_admin|13|Administrador|17|Administrador|EXISTE_19
sicpro_app_administracion|grupo_app_administracion_notificaciones|14|Notificar|18|Notificaciones Administrativas|EXISTE_19
sicpro_app_administracion|grupo_canal_staff|15|Canal del STAFF|19|Canal del STAFF|EXISTE_19
sicpro_app_administracion|grupo_canal_proyectos|16|Canal de Proyectos|20|Canal de Proyectos|EXISTE_19
sicpro_app_administracion|grupo_canal_deoct|17|Canal de DEOCT|21|Canal de DEOCT|EXISTE_19
sicpro_app_administracion|grupo_canal_deoit|18|Canal de DEOIT|22|Canal de DEOIT|EXISTE_19
sicpro_modulo_importar_seguridad|group_import_csv|21|	Acceso a la función de Importar datos|||NO_EXISTE_19
sicpro_app_soporte|group_soporte_ejecutor|23|Ejecutor|109|Ejecutor|EXISTE_19
sicpro_app_soporte|group_soporte_responsable|24|Responsable|110|Responsable|EXISTE_19
sicpro_app_soporte|group_soporte_admin|25|Administrador|111|Administrador|EXISTE_19
sicpro_app_soporte|group_soporte_todos|26|Visualizar Todos los Tickets de Soporte|112|Visualizar Todos los Tickets de Soporte|EXISTE_19
survey|group_survey_user|27|User|28|Usuario|EXISTE_19
survey|group_survey_manager|28|Administrator|29|Administrador|EXISTE_19
sicpro_app_gestor_documental|group_document_user|29|Usuario|36|Usuario|EXISTE_19
sicpro_app_gestor_documental|group_document_manager|30|Ejecutor|37|Ejecutor|EXISTE_19
sicpro_app_salon_clases|grupo_app_salon_clases_responsable|31|Responsable|39|Responsable|EXISTE_19
sicpro_app_salon_clases|grupo_app_salon_clases_admin|32|Administrador|40|Administrador|EXISTE_19
sicpro_modulo_nomencladores|grupo_sicpro_nomencladores_admin|33|Administrador|43|Administrador|EXISTE_19
sicpro_app_clientes|grupo_app_clientes_usuario|34|Usuarios|126|Usuarios|EXISTE_19
sicpro_app_clientes|grupo_app_clientes_ejecutor|35|Ejecutor|127|Ejecutor|EXISTE_19
sicpro_app_clientes|grupo_app_clientes_responsable|36|Responsable|128|Responsable|EXISTE_19
sicpro_app_clientes|grupo_app_clientes_admin|37|Administrador|129|Administrador|EXISTE_19
sicpro_app_contratos|grupo_app_contratos_usuario|38|Usuarios|||NO_EXISTE_19
sicpro_app_contratos|grupo_app_contratos_responsable|39|Responsable|||NO_EXISTE_19
sicpro_app_contratos|grupo_app_contratos_admin|40|Administrador|||NO_EXISTE_19
sicpro_app_contratos|grupo_app_contratos_visual|41|Visualizar Gestión|||NO_EXISTE_19
sicpro_app_contratos|grupo_app_contratos_gestor|42|Gestor del Proveedor|||NO_EXISTE_19
sicpro_app_contratos|grupo_app_contratos_proveedor_validar|43|Validar Proveedor|||NO_EXISTE_19
sicpro_app_contratos|grupo_app_contratos_validar_gestor|45|2. Gestor del Contrato|||NO_EXISTE_19
sicpro_app_contratos|grupo_app_contratos_validar_comite_contratacion|46|3. Comité de Contratación|||NO_EXISTE_19
sicpro_app_contratos|grupo_app_contratos_validar_area|47|4. Revisión del Área|||NO_EXISTE_19
sicpro_app_contratos|grupo_app_contratos_validar_legal|48|5. Revisión Legal|||NO_EXISTE_19
sicpro_app_contratos|grupo_app_contratos_validar_economica|49|6. Revisión Económica|||NO_EXISTE_19
sicpro_app_contratos|grupo_app_contratos_economia_operaciones_sp|51|2. Solicitud de Pago|||NO_EXISTE_19
sicpro_app_contratos|grupo_app_contratos_economia_operaciones_sip|52|3. Solicitud de Instrumento de Pago|||NO_EXISTE_19
sicpro_app_contratos|grupo_app_contratos_economia_operaciones_ip|53|4. Emisión de Pago|||NO_EXISTE_19
sicpro_app_materiales_insumos|grupo_app_materiales_insumos_usuario|56|Usuarios|50|Usuarios|EXISTE_19
sicpro_app_materiales_insumos|grupo_app_materiales_insumos_ejecutor|57|Ejecutor|51|Ejecutor|EXISTE_19
sicpro_app_materiales_insumos|grupo_app_materiales_insumos_responsable|58|Responsable|52|Responsable|EXISTE_19
sicpro_app_materiales_insumos|grupo_app_materiales_insumos_admin|59|Administrador|53|Administrador|EXISTE_19
sicpro_app_trabajadores|grupo_app_trabajador_ejecutor|62|Técnicos|56|Técnicos|EXISTE_19
sicpro_app_trabajadores|grupo_app_trabajador_responsable|63|Responsable|57|Responsable|EXISTE_19
sicpro_app_trabajadores|grupo_app_trabajador_admin|64|Administrador|58|Administrador|EXISTE_19
sicpro_app_trabajadores|grupo_app_trabajador_equipos_usuario|65|Técnicos|59|Técnicos|EXISTE_19
sicpro_app_trabajadores|grupo_app_trabajador_equipos_responsable|66|Responsable|60|Responsable|EXISTE_19
sicpro_app_trabajadores|grupo_app_trabajador_equipos_admin|67|Administrador|61|Administrador|EXISTE_19
sicpro_app_trabajadores|grupo_app_trabajador_disciplina_jefe|68|Jefe del Proceso|62|Jefe del Proceso|EXISTE_19
sicpro_app_trabajadores|grupo_app_trabajador_disciplina_usuario|69|Técnicos|63|Técnicos|EXISTE_19
sicpro_app_trabajadores|grupo_app_trabajador_disciplina_legal|70|Acción Legal|64|Acción Legal|EXISTE_19
sicpro_app_trabajadores|grupo_app_trabajador_disciplina_responsable|71|Responsable|65|Responsable|EXISTE_19
sicpro_app_trabajadores|grupo_app_trabajador_disciplina_admin|72|Administrador|66|Administrador|EXISTE_19
sicpro_app_metrologia|grupo_app_metrologia_usuario|77|Usuarios|86|Usuarios|EXISTE_19
sicpro_app_metrologia|grupo_app_metrologia_ejecutor|78|Ejecutor|87|Ejecutor|EXISTE_19
sicpro_app_metrologia|grupo_app_metrologia_responsable|79|Responsable|88|Responsable|EXISTE_19
sicpro_app_metrologia|grupo_app_metrologia_admin|80|Administrador|89|Administrador|EXISTE_19
sicpro_app_reuniones|group_reuniones_usuario|81|Usuario|95|Usuario|EXISTE_19
sicpro_app_reuniones|group_reuniones_secretaria|82|Secretaria|96|Secretaria|EXISTE_19
sicpro_app_reuniones|group_reuniones_director|83|Director|97|Director|EXISTE_19
sicpro_app_reuniones|group_reuniones_responsable|84|Responsable|98|Responsable|EXISTE_19
sicpro_app_reuniones|group_reuniones_admin|85|Administrator|99|Administrator|EXISTE_19
sicpro_app_solicitudes|grupo_app_solicitud_usuario|86|Usuarios|141|Usuarios|EXISTE_19
sicpro_app_solicitudes|grupo_app_solicitud_responsable|88|Responsable|143|Responsable|EXISTE_19
sicpro_app_solicitudes|grupo_app_solicitud_admin|89|Administrador|144|Administrador|EXISTE_19
sicpro_app_solicitudes|grupo_app_iniciativas_ejecutor|90|Ejecutor|145|Ejecutor|EXISTE_19
sicpro_app_solicitudes|grupo_app_negocio_ejecutor|91|Ejecutor|147|Ejecutor|EXISTE_19
sicpro_app_solicitudes|grupo_app_negocio_pg_ejecutor|92|Ejecutor|148|Ejecutor|EXISTE_19
sicpro_app_solicitudes|grupo_app_ejecutor_ejecutor|93|Ejecutor|149|Ejecutor|EXISTE_19
sicpro_app_solicitudes|grupo_app_grupos_ejecutor|94|Responsable|151|Responsable|EXISTE_19
sicpro_app_transporte|grupo_app_transporte_usuario|95|Usuarios|113|Usuarios|EXISTE_19
sicpro_app_credenciales|grupo_app_credenciales_ejecutor|178|Técnicos|77|Técnicos|EXISTE_19
sicpro_app_credenciales|grupo_app_credenciales_responsable|179|Responsable|78|Responsable|EXISTE_19
sicpro_app_credenciales|grupo_app_credenciales_admin|180|Administrador|79|Administrador|EXISTE_19
sicpro_app_cmi|grupo_app_cmi_usuario|181|Usuarios|46|Usuarios|EXISTE_19
sicpro_app_cmi|grupo_app_cmi_ejecutor|182|Ejecutor|47|Ejecutor|EXISTE_19
sicpro_app_cmi|grupo_app_cmi_responsable|183|Responsable|48|Responsable|EXISTE_19
sicpro_app_cmi|grupo_app_cmi_admin|184|Administrador|49|Administrador|EXISTE_19
nucleo_sicpro_erp|grupo_readonly_admin|192|Acceso a Readonly Avanzada|||NO_EXISTE_19
sicpro_app_administracion|grupo_canal_inversiones|193|Canal de Inversiones|23|Canal de Inversiones|EXISTE_19
sicpro_app_salon_clases|grupo_app_salon_clases_usuario|195|Usuario|38|Usuario|EXISTE_19
sicpro_app_transporte|grupo_app_transporte_piquera_usuario|197|Usuarios|117|Usuarios|EXISTE_19
mass_mailing|group_mass_mailing_user|199|User|||NO_EXISTE_19
sicpro_modulo_usuario_simular|group_user_simulation|201|Administrador|||NO_EXISTE_19
sicpro_app_rest_api|grupo_app_api_rest_admin|202|Administrador|||NO_EXISTE_19
sicpro_app_servicios_internos|grupo_app_internos_usuario|215|Usuario|100|Usuario|EXISTE_19
sicpro_app_servicios_internos|grupo_app_internos_ejecutor_servicios|216|Ejecutor de Servicios|101|Ejecutor de Servicios|EXISTE_19
sicpro_app_servicios_internos|grupo_app_internos_ejecutor_interno|217|Ejecutor Corporativo|102|Ejecutor Corporativo|EXISTE_19
sicpro_app_servicios_internos|grupo_app_internos_admin|218|Administrador|104|Administrador|EXISTE_19
sicpro_app_ordenes_trabajo|grupo_ordenes_visualizar_proceso|230|Visualizar órdenes del Proceso|152|Visualizar órdenes del Proceso|EXISTE_19
sicpro_app_ordenes_trabajo|grupo_ordenes_visualizar_todo|231|Visualizar Todas las órdenes|153|Visualizar Todas las órdenes|EXISTE_19
sicpro_app_ordenes_trabajo|grupo_ordenes_responsable|232|Responsable|154|Responsable|EXISTE_19
sicpro_app_ordenes_trabajo|grupo_ordenes_admin|233|Administrador|155|Administrador|EXISTE_19
sicpro_app_medios_informaticos|grupo_app_medios_informaticos_inventario_usuario|248|Visualizar|80|Visualizar|EXISTE_19
sicpro_app_medios_informaticos|grupo_app_medios_informaticos_inventario_tecnico|249|Técnico|81|Técnico|EXISTE_19
sicpro_app_medios_informaticos|grupo_app_medios_informaticos_responsable|250|Responsable|82|Responsable|EXISTE_19
sicpro_app_medios_informaticos|grupo_app_medios_informaticos_admin|251|Administrador|83|Administrador|EXISTE_19
sicpro_app_medios_informaticos|grupo_app_medios_informaticos_taller_usuario|252|Visualizar|84|Visualizar|EXISTE_19
sicpro_app_medios_informaticos|grupo_app_medios_informaticos_taller_tecnico|253|Técnico|85|Técnico|EXISTE_19
sicpro_app_instrucciones|grupo_app_instruciones_usuario|260|Usuarios|130|Usuarios|EXISTE_19
sicpro_app_instrucciones|grupo_app_instruciones_responsable|261|Instructor|131|Instructor|EXISTE_19
sicpro_app_instrucciones|grupo_app_instruciones_admin|262|Administrador|132|Administrador|EXISTE_19
sicpro_app_transferencias_gastos|grupo_transferencias_visualizar|263|Visualizar todas las Transferencias|161|Visualizar todas las Transferencias|EXISTE_19
sicpro_app_transferencias_gastos|grupo_transferencias_visualizar_proceso|264|Visualizar por Procesos|163|Visualizar por Procesos|EXISTE_19
sicpro_app_transferencias_gastos|grupo_transferencias_inversionistas|265|Gestión del Inversionista|162|Gestión del Inversionista|EXISTE_19
sicpro_app_transferencias_gastos|grupo_transferencias_ejecutores_procesos|266|Gestión del Ejecutor|164|Gestión del Ejecutor|EXISTE_19
sicpro_app_transferencias_gastos|grupo_transferencias_dtp_procesos|267|Gestión del Técnico Productivo|165|Gestión del Técnico Productivo|EXISTE_19
sicpro_app_transferencias_gastos|grupo_transferencias_economia|268|Gestión Económica|166|Gestión Económica|EXISTE_19
sicpro_app_transferencias_gastos|grupo_transferencias_responsable|269|Responsable|167|Responsable|EXISTE_19
sicpro_app_transferencias_gastos|grupo_transferencias_admin|270|Administrador|168|Administrador|EXISTE_19
sicpro_app_programa_viviendas|grupo_app_vivienda_visualizar|280|Usuario|134|Usuario|EXISTE_19
sicpro_app_programa_viviendas|grupo_app_vivienda_secretario_general|281|Secretario general|135|Secretario general|EXISTE_19
sicpro_app_programa_viviendas|grupo_app_vivienda_validar|282|Validar solicitud|136|Validar solicitud|EXISTE_19
sicpro_app_programa_viviendas|grupo_app_vivienda_logistica|283|Logística|137|Logística|EXISTE_19
sicpro_app_programa_viviendas|grupo_app_vivienda_economia|284|Economía|138|Economía|EXISTE_19
sicpro_app_programa_viviendas|grupo_app_vivienda_responsable|285|Responsable|139|Responsable|EXISTE_19
sicpro_app_programa_viviendas|grupo_app_vivienda_admin|286|Administrador|140|Administrador|EXISTE_19
sicpro_app_servicios_internos|grupo_app_internos_responsable|295|Responsable|103|Responsable|EXISTE_19
sicpro_app_servicios_internos|grupo_app_internos_solicitudes_usuario|296|Usuario|105|Usuario|EXISTE_19
sicpro_app_servicios_internos|grupo_app_internos_solicitudes_ejecutor|297|Ejecutor de Solicitud|106|Ejecutor de Solicitud|EXISTE_19
sicpro_app_servicios_internos|grupo_app_internos_solicitudes_revision|298|Revisión de Solicitud|107|Revisión de Solicitud|EXISTE_19
sicpro_app_servicios_internos|grupo_app_internos_solicitudes_validar|299|Validación de Solicitud|108|Validación de Solicitud|EXISTE_19
sicpro_app_solicitudes|grupo_app_grupos_ejecutante|300|Ejecutante|150|Ejecutante|EXISTE_19
sicpro_app_repositorio_institucional|group_repositorio_institucional_user|308|Usuario|90|Usuario|EXISTE_19
sicpro_app_repositorio_institucional|group_repositorio_institucional_creador|309|Creador|91|Creador|EXISTE_19
sicpro_app_repositorio_institucional|group_repositorio_institucional_validar|310|Validación|92|Validación|EXISTE_19
sicpro_app_repositorio_institucional|group_repositorio_institucional_responsable|311|Responsable|93|Responsable|EXISTE_19
sicpro_app_repositorio_institucional|group_repositorio_institucional_admin|312|Administrador|94|Administrador|EXISTE_19
